<b><color=#038f42>Credits by Skookum Arts</color></b>,
,
The quick brown fox,jumped over the lazy dog
The quick brown fox,jumped over the lazy dog
The quick brown fox,jumped over the lazy dog
The quick brown fox,jumped over the lazy dog
The quick brown fox,jumped over the lazy dog
The quick brown fox,jumped over the lazy dog
The quick brown fox,jumped over the lazy dog
The quick brown fox,jumped over the lazy dog
The quick brown fox,jumped over the lazy dog
The quick brown fox,jumped over the lazy dog
The quick brown fox,jumped over the lazy dog
The quick brown fox,jumped over the lazy dog
The quick brown fox,jumped over the lazy dog
The quick brown fox,jumped over the lazy dog
The quick brown fox,jumped over the lazy dog
The quick brown fox,jumped over the lazy dog
The quick brown fox,jumped over the lazy dog
The quick brown fox,jumped over the lazy dog
The quick brown fox,jumped over the lazy dog
The quick brown fox,jumped over the lazy dog
The quick brown fox,jumped over the lazy dog
The quick brown fox,jumped over the lazy dog
The quick brown fox,jumped over the lazy dog
The quick brown fox,jumped over the lazy dog
The quick brown fox,jumped over the lazy dog
The quick brown fox,jumped over the lazy dog
The quick brown fox,jumped over the lazy dog
The quick brown fox,jumped over the lazy dog
The quick brown fox,jumped over the lazy dog
The quick brown fox,jumped over the lazy dog
The quick brown fox,jumped over the lazy dog
The quick brown fox,jumped over the lazy dog
The quick brown fox,jumped over the lazy dog
The quick brown fox,jumped over the lazy dog
The quick brown fox,jumped over the lazy dog
The quick brown fox,jumped over the lazy dog
The quick brown fox,jumped over the lazy dog
The quick brown fox,jumped over the lazy dog
The quick brown fox,jumped over the lazy dog
The quick brown fox,jumped over the lazy dog
The quick brown fox,jumped over the lazy dog
The quick brown fox,jumped over the lazy dog
The quick brown fox,jumped over the lazy dog
The quick brown fox,jumped over the lazy dog
The quick brown fox,jumped over the lazy dog
The quick brown fox,jumped over the lazy dog
The quick brown fox,jumped over the lazy dog
The quick brown fox,jumped over the lazy dog
The quick brown fox,jumped over the lazy dog
The quick brown fox,jumped over the lazy dog
The quick brown fox,jumped over the lazy dog
The quick brown fox,jumped over the lazy dog
The quick brown fox,jumped over the lazy dog
The quick brown fox,jumped over the lazy dog
The quick brown fox,jumped over the lazy dog
The quick brown fox,jumped over the lazy dog
The quick brown fox,jumped over the lazy dog
The quick brown fox,jumped over the lazy dog
The quick brown fox,jumped over the lazy dog
The quick brown fox,jumped over the lazy dog
The quick brown fox,jumped over the lazy dog
The quick brown fox,jumped over the lazy dog
The quick brown fox,jumped over the lazy dog
The quick brown fox,jumped over the lazy dog
The quick brown fox,jumped over the lazy dog
The quick brown fox,jumped over the lazy dog
The quick brown fox,jumped over the lazy dog
The quick brown fox,jumped over the lazy dog
The quick brown fox,jumped over the lazy dog
The quick brown fox,jumped over the lazy dog
The quick brown fox,jumped over the lazy dog
The quick brown fox,jumped over the lazy dog
The quick brown fox,jumped over the lazy dog
The quick brown fox,jumped over the lazy dog
The quick brown fox,jumped over the lazy dog
The quick brown fox,jumped over the lazy dog
The quick brown fox,jumped over the lazy dog
The quick brown fox,jumped over the lazy dog
The quick brown fox,jumped over the lazy dog
The quick brown fox,jumped over the lazy dog
The quick brown fox,jumped over the lazy dog
The quick brown fox,jumped over the lazy dog
The quick brown fox,jumped over the lazy dog
The quick brown fox,jumped over the lazy dog
The quick brown fox,jumped over the lazy dog
The quick brown fox,jumped over the lazy dog
The quick brown fox,jumped over the lazy dog
The quick brown fox,jumped over the lazy dog
The quick brown fox,jumped over the lazy dog
The quick brown fox,jumped over the lazy dog
The quick brown fox,jumped over the lazy dog
The quick brown fox,jumped over the lazy dog
The quick brown fox,jumped over the lazy dog
The quick brown fox,jumped over the lazy dog
The quick brown fox,jumped over the lazy dog
The quick brown fox,jumped over the lazy dog
The quick brown fox,jumped over the lazy dog
The quick brown fox,jumped over the lazy dog
The quick brown fox,jumped over the lazy dog
The quick brown fox,jumped over the lazy dog
The quick brown fox,jumped over the lazy dog
The quick brown fox,jumped over the lazy dog
The quick brown fox,jumped over the lazy dog
The quick brown fox,jumped over the lazy dog
The quick brown fox,jumped over the lazy dog
The quick brown fox,jumped over the lazy dog
The quick brown fox,jumped over the lazy dog
The quick brown fox,jumped over the lazy dog
The quick brown fox,jumped over the lazy dog
The quick brown fox,jumped over the lazy dog
The quick brown fox,jumped over the lazy dog
The quick brown fox,jumped over the lazy dog
The quick brown fox,jumped over the lazy dog
The quick brown fox,jumped over the lazy dog
The quick brown fox,jumped over the lazy dog
The quick brown fox,jumped over the lazy dog
The quick brown fox,jumped over the lazy dog
The quick brown fox,jumped over the lazy dog
The quick brown fox,jumped over the lazy dog
The quick brown fox,jumped over the lazy dog
The quick brown fox,jumped over the lazy dog
The quick brown fox,jumped over the lazy dog
The quick brown fox,jumped over the lazy dog
The quick brown fox,jumped over the lazy dog
The quick brown fox,jumped over the lazy dog
The quick brown fox,jumped over the lazy dog
The quick brown fox,jumped over the lazy dog
The quick brown fox,jumped over the lazy dog
The quick brown fox,jumped over the lazy dog
The quick brown fox,jumped over the lazy dog
The quick brown fox,jumped over the lazy dog
The quick brown fox,jumped over the lazy dog
The quick brown fox,jumped over the lazy dog
The quick brown fox,jumped over the lazy dog
The quick brown fox,jumped over the lazy dog
The quick brown fox,jumped over the lazy dog
The quick brown fox,jumped over the lazy dog
The quick brown fox,jumped over the lazy dog
The quick brown fox,jumped over the lazy dog
The quick brown fox,jumped over the lazy dog
The quick brown fox,jumped over the lazy dog
The quick brown fox,jumped over the lazy dog
The quick brown fox,jumped over the lazy dog
The quick brown fox,jumped over the lazy dog
The quick brown fox,jumped over the lazy dog
The quick brown fox,jumped over the lazy dog
The quick brown fox,jumped over the lazy dog
The quick brown fox,jumped over the lazy dog
The quick brown fox,jumped over the lazy dog
The quick brown fox,jumped over the lazy dog
The quick brown fox,jumped over the lazy dog
The quick brown fox,jumped over the lazy dog
The quick brown fox,jumped over the lazy dog
The quick brown fox,jumped over the lazy dog
The quick brown fox,jumped over the lazy dog
The quick brown fox,jumped over the lazy dog
The quick brown fox,jumped over the lazy dog
The quick brown fox,jumped over the lazy dog
The quick brown fox,jumped over the lazy dog
The quick brown fox,jumped over the lazy dog
The quick brown fox,jumped over the lazy dog
The quick brown fox,jumped over the lazy dog
The quick brown fox,jumped over the lazy dog
The quick brown fox,jumped over the lazy dog
The quick brown fox,jumped over the lazy dog
The quick brown fox,jumped over the lazy dog
The quick brown fox,jumped over the lazy dog
The quick brown fox,jumped over the lazy dog
The quick brown fox,jumped over the lazy dog
The quick brown fox,jumped over the lazy dog
The quick brown fox,jumped over the lazy dog
The quick brown fox,jumped over the lazy dog
The quick brown fox,jumped over the lazy dog
The quick brown fox,jumped over the lazy dog
The quick brown fox,jumped over the lazy dog
The quick brown fox,jumped over the lazy dog
The quick brown fox,jumped over the lazy dog
The quick brown fox,jumped over the lazy dog
The quick brown fox,jumped over the lazy dog
The quick brown fox,jumped over the lazy dog
The quick brown fox,jumped over the lazy dog
The quick brown fox,jumped over the lazy dog
The quick brown fox,jumped over the lazy dog
The quick brown fox,jumped over the lazy dog
The quick brown fox,jumped over the lazy dog
The quick brown fox,jumped over the lazy dog
The quick brown fox,jumped over the lazy dog
The quick brown fox,jumped over the lazy dog
The quick brown fox,jumped over the lazy dog
The quick brown fox,jumped over the lazy dog
The quick brown fox,jumped over the lazy dog
The quick brown fox,jumped over the lazy dog
The quick brown fox,jumped over the lazy dog
The quick brown fox,jumped over the lazy dog
The quick brown fox,jumped over the lazy dog
The quick brown fox,jumped over the lazy dog
The quick brown fox,jumped over the lazy dog
The quick brown fox,jumped over the lazy dog